1,Acceleration
2,Amount Of Substance
3,Angle
4,Angular Acceleration
5,Angular Jerk
6,Angular Momentum
7,Angular Momentum Per Unit Angle
8,Angular Velocity
9,ApparentPower
10,Area
11,BatteryCapacity
12,BitTransmissionRate
13,ByteDataVolume
14,Capacitance
15,Coefficient per Unit Length
16,Coefficient Per Unit Mass
17,Coefficient Per Unit Time
18,Coefficient Per Unit Time Cubed
19,Coefficient Per Unit Time Squared
20,Comparative Toxic Unit for Human
21,Concentration
22,Conductance per Unit Length
23,Convection Coefficient
24,Counting
25,Current
26,Current Density
27,Current Density Area
28,Diffusion Resistance
29,Diffusivity
30,Dissipation Rate of Energy per Unit Mass
31,DynamicViscosity
32,Electrical Capacitance
33,Electrical Conductance
34,Electrical Conductivity
35,ElectricalResistance
36,Electrical Resistivity
37,Electric Charge
38,ElectricCurrent
39,Electric Field Strength
40,Electric Flux Density
41,Energy
42,EnergyContent
43,Energy per Unit Mass
44,Fatigue Life
45,Fatigue Strength Coefficient
46,Force
47,Force Per Unit Angle
48,Force Per Unit Length
49,Force Per Unit Volume
50,Frequency
51,Frequency Cubed
52,Frequency Squared
53,Head Loss Coefficient
54,Heat Flow Rate
55,Heat Flux
56,Heat Generation
57,Illuminance
58,Inductance
59,Jerk
60,Latent Heat per Mass
61,Length
62,Length Per Revolution
63,Length Per Angle
64,Length Per Unit Pressure
65,LineicResolution
66,Luminance
67,LuminousFlux
68,LuminousIntensity
69,Magnetic Conductivity
70,Magnetic Field Strength
71,Magnetic Flux
72,Magnetic Flux Density
73,Magnetic Vector Potential
74,Mass
75,Mass Density
76,MassFlowRate
77,Mass Flux
78,Mass Length
79,Mass Length Per Angle
80,Mass Moment of Inertia
81,Mass Moment of Inertia Per Angle
82,Mass per Unit Area
83,Mass per Unit Length
84,MechanicalTension
85,Molality
86,Molar Concentration
87,Moment
88,Moment of Inertia (Area)
89,Moment Per Angle
90,Momentum
91,Momentum Per Angle
92,NeutralRatio
93,Non-Converting
94,Per Angle
95,Per Angle Squared
96,Per Area
97,Per Frequency
98,Per Volume
99,Power
100,Power to Mass Ratio
101,Pressure
102,Pressure Per Unit Length
103,Pressure Per Unit Velocity
104,Sound
105,Specific Heat
106,Static Flow Resistivity
107,Strain
108,Strain Energy
109,Strain Energy Density
110,Stress
111,Stress Compliance
112,SymbolTransmissionRate
113,Temperature
114,Temperature Change Rate
115,Temperature Difference
116,Temperature Gradient
117,Thermal Capacitance
118,Thermal Conductance
119,Thermal Conductivity
120,Thermal Expansion Coefficient
121,Thermal Energy
122,Thermal Energy per Area
123,Thermal PID Derivative Term Constant
124,Thermal PID Gain
125,Thermal PID Integral Term Constant
126,Thermal Resistance
127,Time
128,Transmission Loss
129,Tsai-Wu Coefficient
130,Velocity
131,Velocity Per Pressure
132,Viscous Damping
133,Voltage
134,Voltage per Angular Velocity
135,Voltage per Temperature
136,Volume
137,Volume Acceleration
138,Volume Charge Density
139,Volumetric Flow Rate
140,Volumetric Strain
141,Warping constant
